{
  "parse_ms" : {
    "stddev" : 0.18859680118747249,
    "median" : 1.5749931335449219,
    "mean" : 1.6220450401306152,
    "min" : 1.3710260391235352,
    "max" : 2.2749900817871094
  },
  "tokenize_ms" : {
    "min" : 0.40900707244873047,
    "mean" : 0.49042701721191406,
    "stddev" : 0.1071983847564565,
    "max" : 1.006007194519043,
    "median" : 0.45609474182128906
  },
  "total_ms" : {
    "median" : 2.0539760589599609,
    "min" : 1.788020133972168,
    "max" : 2.940058708190918,
    "mean" : 2.1126222610473633,
    "stddev" : 0.24538870680931657
  },
  "size_bytes" : 43518,
  "file" : "style.kv",
  "timestamp" : "2025-12-23T13:50:02Z",
  "line_count" : 1341,
  "iterations" : 100,
  "throughput" : {
    "lines_per_sec" : 634756.16286234709,
    "kb_per_sec" : 20116.254409783116
  }
}