{
  "iterations" : 100,
  "timestamp" : "2025-12-22T19:12:53Z",
  "file" : "style.kv",
  "tokenize_ms" : {
    "stddev" : 0.20605421051925338,
    "min" : 5.7539939880371094,
    "max" : 6.7470073699951172,
    "mean" : 6.2065613269805908,
    "median" : 6.2150955200195312
  },
  "total_ms" : {
    "min" : 6.8690776824951172,
    "stddev" : 0.22841522644292431,
    "max" : 7.9050064086914062,
    "median" : 7.3440074920654297,
    "mean" : 7.376941442489624
  },
  "throughput" : {
    "lines_per_sec" : 181782.65483796893,
    "kb_per_sec" : 5760.9304894600673
  },
  "size_bytes" : 43518,
  "line_count" : 1341,
  "parse_ms" : {
    "stddev" : 0.094250248280516161,
    "mean" : 1.1702430248260498,
    "max" : 1.4820098876953125,
    "min" : 1.0440349578857422,
    "median" : 1.1479854583740234
  }
}